index,type,type,name,usage(KB),total(KB)
1,  string,string,,9.3,9.3
2,  xmodel,xmodel,com_pallet,41.5,41.7
3,  xmodel,xmodel,com_barrel_blue_rust,43.1,43.4
4,  xmodel,xmodel,vehicle_80s_hatch2_tandest,167.7,168.0
5,  xmodel,xmodel,ch_snack_machine_small_russia,65.9,66.7
6,  xmodel,xmodel,com_barrel_black,12.9,13.2
7,  techset,techset,sm2/mc_l_sm_t0c0n0s0,36.1,36.1
8,  techset,techset,sm2/mc_l_hsm_t0c0n0,17.7,17.7
9,  techset,techset,mc_l_sm_t0c0n0s0,58.7,58.7
10,  techset,techset,mc_l_sm_t0c0n0,35.1,35.1
11,  techset,techset,mc_l_hsm_t0c0n0,20.3,20.3
12,  techset,techset,mc_l_hsm_t0c0n0s0,21.6,21.6
13,  techset,techset,sm2/mc_l_sm_r0c0d0n0s0,21.2,21.2
14,  techset,techset,sm2/mc_l_hsm_r0c0d0n0,12.0,12.0
15,  techset,techset,mc_l_sm_r0c0d0n0s0,39.4,39.4
16,  techset,techset,mc_l_sm_r0c0d0n0,23.4,23.4
17,  techset,techset,mc_l_hsm_r0c0d0n0,14.3,14.3
18,  techset,techset,mc_l_hsm_r0c0d0n0s0,16.5,16.5
19,  xmodel,xmodel,aftermath_power_tower,11.5,12.4
20,  xmodel,xmodel,me_corrugated_metal4x4,23.6,23.9
21,  xmodel,xmodel,ch_furniture_couch01,64.2,64.5
22,  xmodel,xmodel,ch_russian_table_no_top,53.5,53.8
23,  xmodel,xmodel,ch_russian_table_cloth3,13.7,13.9
24,  xmodel,xmodel,com_restaurantsink_2comps,171.6,171.9
25,  xmodel,xmodel,com_restaurantstainlessteelshelf_02,63.7,64.0
26,  xmodel,xmodel,me_antenna2,48.8,49.0
27,  xmodel,xmodel,me_antenna3,47.0,47.0
28,  xmodel,xmodel,me_refrigerator,45.1,45.3
29,  xmodel,xmodel,me_woodcrateclosed,33.7,33.9
30,  xmodel,xmodel,me_woodcrateopen,39.4,39.4
31,  xmodel,xmodel,ch_mattress_bent_1,25.6,25.8
32,  xmodel,xmodel,com_cafe_chair,28.4,28.7
33,  xmodel,xmodel,ch_russian_table,58.3,58.3
34,  xmodel,xmodel,mil_bunker_bed2,47.5,47.9
35,  xmodel,xmodel,com_barrel_shard3,5.5,5.8
36,  xmodel,xmodel,com_cardboardbox03,18.0,18.4
37,  xmodel,xmodel,com_cardboardbox05,1.6,1.6
38,  xmodel,xmodel,com_cardboardbox04,2.2,2.2
39,  xmodel,xmodel,com_cardboardbox01,10.6,10.6
40,  xmodel,xmodel,bc_militarytent_wood_table,19.2,19.4
41,  xmodel,xmodel,me_market_stand1,11.1,11.3
42,  xmodel,xmodel,me_fanceil1,26.9,27.1
43,  xmodel,xmodel,me_electricbox4,12.3,12.5
44,  xmodel,xmodel,ch_bedframemetal_dark,53.5,53.7
45,  xmodel,xmodel,ch_mattress_2,36.8,36.8
46,  xmodel,xmodel,com_trashbag,19.9,20.1
47,  xmodel,xmodel,ch_street_wall_light_01_on,33.3,33.7
48,  xmodel,xmodel,cs_cargoship_wall_light_on,20.2,20.6
49,  xmodel,xmodel,ch_crate32x48,59.8,60.0
50,  xmodel,xmodel,ch_crate24x24,59.3,59.3
51,  xmodel,xmodel,cs_cargoship_spotlight_part1,13.1,13.4
52,  xmodel,xmodel,cs_cargoship_spotlight_on,43.8,43.9
53,  xmodel,xmodel,com_folding_table,67.3,67.7
54,  xmodel,xmodel,bathroom_toilet,78.7,79.2
55,  xmodel,xmodel,bathroom_towel,30.4,30.6
56,  xmodel,xmodel,bathroom_towel_rack,7.2,7.2
57,  xmodel,xmodel,com_french_bathtub_porcelain,41.5,41.7
58,  xmodel,xmodel,bathroom_faucet,18.1,18.1
59,  xmodel,xmodel,bathroom_sink,42.4,42.4
60,  xmodel,xmodel,bathroom_shower_curtain,17.6,17.8
61,  xmodel,xmodel,me_electricbox2,15.4,15.7
62,  xmodel,xmodel,com_electrical_pipe,9.1,9.3
63,  xmodel,xmodel,com_armoire_d,35.3,35.6
64,  xmodel,xmodel,com_bookshelves1_d,7.7,8.0
65,  xmodel,xmodel,com_longdiningtable_d,15.0,15.3
66,  xmodel,xmodel,com_dresser,14.6,14.9
67,  xmodel,xmodel,com_walltable1,20.8,20.8
68,  xmodel,xmodel,ch_radiator01,106.1,106.3
69,  xmodel,xmodel,me_market_cart1,43.8,44.0
70,  xmodel,xmodel,com_cafe_light_part2,7.4,7.6
71,  xmodel,xmodel,com_pallet_2,45.5,45.5
72,  xmodel,xmodel,com_restaurantstovewithburner,163.8,164.0
73,  xmodel,xmodel,com_trashcan_metal_with_trash,35.0,35.5
74,  xmodel,xmodel,com_restaurant_sinktable_right,42.8,42.8
75,  xmodel,xmodel,com_restaurant_sinktable_left,42.8,42.8
76,  xmodel,xmodel,ch_furniture_couch02,97.3,97.3
77,  xmodel,xmodel,me_tomato_crate1,51.0,51.5
78,  xmodel,xmodel,me_corrugated_metal4x8,21.9,22.0
79,  xmodel,xmodel,me_corrugated_metal8x8,44.8,44.8
80,  xmodel,xmodel,foliage_ivy_corner01,21.7,22.0
81,  xmodel,xmodel,foliage_ivy_bottom01,12.1,12.1
82,  xmodel,xmodel,ch_washer_01,13.4,13.7
83,  xmodel,xmodel,ch_campfire_equipment,128.4,128.7
84,  xmodel,xmodel,bc_military_comm_tower,197.7,198.2
85,  xmodel,xmodel,ch_furniture_school_lunch_table,117.6,117.9
86,  xmodel,xmodel,ch_crate48x64,62.3,62.3
87,  xmodel,xmodel,ch_hayroll_02,36.7,36.9
88,  xmodel,xmodel,ch_hayroll_03,30.2,30.2
89,  xmodel,xmodel,ch_gas_pump,42.1,42.6
90,  xmodel,xmodel,ch_lawnmower,97.2,97.5
91,  xmodel,xmodel,ch_roadrock_07,10.2,10.4
92,  xmodel,xmodel,me_ac_big,4.3,4.6
93,  xmodel,xmodel,com_airduct_s_90,4.0,4.2
94,  xmodel,xmodel,com_airduct_square,4.0,4.0
95,  xmodel,xmodel,com_airduct_s_short,3.8,3.8
96,  xmodel,xmodel,com_airduct_c_t,8.3,8.6
97,  xmodel,xmodel,com_airduct_c_90,16.7,16.7
98,  xmodel,xmodel,com_airduct_circle,18.7,18.7
99,  xmodel,xmodel,com_airduct_s_tran_c,1.9,1.9
100,  xmodel,xmodel,com_airduct_c_scale,2.4,2.4
101,  xmodel,xmodel,com_airduct_c_vent,27.2,27.2
102,  xmodel,xmodel,ch_street_light_01_off,40.7,41.1
103,  xmodel,xmodel,com_basketball_goal,38.2,38.8
104,  xmodel,xmodel,me_streetlight_on,27.3,27.7
105,  xmodel,xmodel,bathroom_shower,80.5,81.4
106,  xmodel,xmodel,me_wood_cage_small,70.0,70.2
107,  xmodel,xmodel,me_wood_cage_large,68.1,68.1
108,  xmodel,xmodel,com_cardboardboxshortclosed_1,3.4,3.4
109,  xmodel,xmodel,me_citrus_box1,1.7,1.8
110,  xmodel,xmodel,com_cardboardboxshortclosed_2,8.0,8.0
111,  xmodel,xmodel,me_banana_box2,1.6,1.7
112,  xmodel,xmodel,me_refrigerator2,46.3,46.5
113,  xmodel,xmodel,com_satellite_dish_big,181.0,181.6
114,  xmodel,xmodel,com_longdiningtable,16.5,16.5
115,  xmodel,xmodel,com_wheelbarrow,121.3,121.5
116,  xmodel,xmodel,com_northafrica_woodchair,17.3,17.6
117,  xmodel,xmodel,com_water_tower,411.3,411.8
118,  xmodel,xmodel,ch_haycart_destroyed,188.4,188.6
119,  xmodel,xmodel,com_walltable2,12.6,12.6
120,  xmodel,xmodel,ch_road_post,13.5,14.1
121,  techset,techset,sm2/mc_effect_zfeather_falloff_add_nofog_eyeoffset,2.2,2.2
122,  techset,techset,sm2/mc_effect_falloff_add_nofog_eyeoffset,1.7,1.7
123,  techset,techset,mc_effect_zfeather_falloff_add_nofog_eyeoffset,2.0,2.0
124,  techset,techset,mc_effect_falloff_add_nofog_eyeoffset,1.5,1.5
125,  techset,techset,sm2/mc_effect_falloff_add_nofog,1.2,1.2
126,  techset,techset,mc_effect_falloff_add_nofog,1.1,1.1
127,  xmodel,xmodel,com_floodlight_on,246.9,248.0
128,  xmodel,xmodel,bc_cot,35.9,36.1
129,  xmodel,xmodel,com_armoire,26.0,26.3
130,  xmodel,xmodel,com_photocopier,30.2,30.5
131,  xmodel,xmodel,com_bench,22.2,22.4
132,  techset,techset,sm2/mc_ambient_t0c0,13.0,13.0
133,  techset,techset,mc_ambient_t0c0,12.9,12.9
134,  xmodel,xmodel,foliage_grass_short_squareclump,1.2,1.4
135,  xmodel,xmodel,com_powerline_tower,350.7,351.0
136,  xmodel,xmodel,com_industrialtrashbin,288.6,288.8
137,  xmodel,xmodel,ap_couch01,54.3,54.6
138,  xmodel,xmodel,com_restaurantsink_1comp,157.0,157.0
139,  xmodel,xmodel,com_restaurantkitchentable_3,41.1,41.4
140,  xmodel,xmodel,com_restaurantstainlessteelshelf_01,60.1,60.1
141,  xmodel,xmodel,com_restaurantkitchentable_2,41.1,41.1
142,  xmodel,xmodel,me_lightfluohang_on,32.5,32.8
143,  xmodel,xmodel,com_computer_rack,17.3,17.6
144,  xmodel,xmodel,com_bookshelveswide,8.0,8.0
145,  xmodel,xmodel,com_books1,5.9,6.1
146,  xmodel,xmodel,com_bunker_table,12.7,12.7
147,  xmodel,xmodel,com_bunker_seat,10.6,10.6
148,  techset,techset,sm2/mc_effect_zfeather_falloff_add_nofog,1.5,1.5
149,  techset,techset,mc_effect_zfeather_falloff_add_nofog,1.4,1.4
150,  xmodel,xmodel,com_studio_light_on,87.3,87.9
151,  xmodel,xmodel,com_tripod,190.3,190.3
152,  xmodel,xmodel,com_bike,225.9,226.1
153,  xmodel,xmodel,com_junktire2,48.2,48.5
154,  xmodel,xmodel,bc_military_tire04_big,51.2,51.5
155,  xmodel,xmodel,com_junktire,6.0,6.3
156,  xmodel,xmodel,foliage_dead_pine_xl,208.1,208.5
157,  xmodel,xmodel,foliage_dead_pine_med,177.8,177.8
158,  xmodel,xmodel,com_flower_pot02,53.3,53.8
159,  xmodel,xmodel,com_potted_plant02,43.3,43.5
160,  xmodel,xmodel,com_filecabinetblackclosed,17.7,17.8
161,  xmodel,xmodel,com_paintcan,32.1,32.4
162,  xmodel,xmodel,com_trashbag1_black,29.3,29.5
163,  xmodel,xmodel,com_trashbag2_green,46.4,46.6
164,  techset,techset,sm2/mc_l_t0c0,14.2,14.2
165,  techset,techset,mc_l_t0c0,14.3,14.3
166,  techset,techset,mc_l_t0c0s0,19.5,19.5
167,  xmodel,xmodel,foliage_tree_pine_sm_b,58.2,58.6
168,  xmodel,xmodel,foliage_red_pine_med,336.9,337.2
169,  xmodel,xmodel,foliage_red_pine_xl,380.5,380.5
170,  xmodel,xmodel,foliage_ivy_tree,3.8,4.0
171,  xmodel,xmodel,foliage_red_pine_xxl,333.3,333.3
172,  xmodel,xmodel,foliage_tree_river_birch_lg_a,286.2,286.6
173,  xmodel,xmodel,foliage_tree_destroyed_tree_a,197.4,197.8
174,  xmodel,xmodel,com_barrel_fire,67.5,68.0
175,  xmodel,xmodel,com_crate01,15.2,15.4
176,  xmodel,xmodel,vehicle_pickup_nodoor_static,524.2,524.8
177,  xmodel,xmodel,com_red_toolbox,21.7,21.9
178,  xmodel,xmodel,com_plastic_bucket,57.9,58.4
179,  xmodel,xmodel,com_trashbag1_green,8.6,8.6
180,  xmodel,xmodel,com_transistor_radio,44.7,45.0
181,  xmodel,xmodel,com_tv2,24.3,24.5
182,  xmodel,xmodel,me_ac_window,6.8,7.0
183,  xmodel,xmodel,me_electricbox3,8.4,8.4
184,  xmodel,xmodel,me_plastic_crate1,6.4,6.5
185,  xmodel,xmodel,me_plastic_crate2,3.3,3.3
186,  xmodel,xmodel,me_plastic_crate3,3.0,3.2
187,  xmodel,xmodel,com_bottle1,10.3,10.6
188,  xmodel,xmodel,com_soup_can,5.7,5.9
189,  xmodel,xmodel,com_walltable1_d,18.4,18.4
190,  xmodel,xmodel,ch_mattress_bent_2,24.3,24.3
191,  xmodel,xmodel,com_ladder_wood,16.7,16.9
192,  xmodel,xmodel,com_pallet_stack,228.9,228.9
193,  xmodel,xmodel,com_bedroll,52.9,53.1
194,  xmodel,xmodel,vehicle_pickup_roobars,671.1,671.1
195,  xmodel,xmodel,me_transmitting_tower,845.1,845.1
196,  xmodel,xmodel,com_barrel_biohazard,45.2,45.6
197,  xmodel,xmodel,com_barrel_black_rust,12.9,13.1
198,  techset,techset,sm2/mc_effect_add_eyeoffset,1.5,1.5
199,  techset,techset,mc_effect_add_eyeoffset,1.4,1.4
200,  xmodel,xmodel,com_two_light_fixture_on,47.5,48.0
201,  xmodel,xmodel,vehicle_80s_wagon1_greendest,423.4,423.9
202,  xmodel,xmodel,prop_misc_rock_boulder_02,70.4,70.7
203,  xmodel,xmodel,mil_sandbag_desert_short,59.5,59.6
204,  xmodel,xmodel,mil_sandbag_desert_end_right,74.6,74.6
205,  xmodel,xmodel,mil_sandbag_desert_end_left,76.8,76.8
206,  xmodel,xmodel,prop_misc_rock_boulder_01,56.0,56.3
207,  xmodel,xmodel,vehicle_bulldozer,950.2,950.7
208,  xmodel,xmodel,com_tractor,421.3,421.5
209,  xmodel,xmodel,mil_sandbag_desert_curved,208.5,208.5
210,  xmodel,xmodel,vehicle_semi_truck_cargo,1294.8,1295.8
211,  xmodel,xmodel,me_cargocontainersingleface,636.2,636.8
212,  xmodel,xmodel,vehicle_tanker_truck_civ,629.0,630.6
213,  xmodel,xmodel,ap_table_square01,32.2,32.7
214,  xmodel,xmodel,vehicle_80s_hatch1_greendest,236.5,236.5
215,  xmodel,xmodel,com_conference_table1,25.5,25.7
216,  xmodel,xmodel,com_trashcan,54.3,54.6
217,  xmodel,xmodel,com_vending_bottle_lit,139.0,139.3
218,  xmodel,xmodel,com_vending_can_new1_lit,85.5,85.9
219,  xmodel,xmodel,com_vending_bottle2_lit,78.1,78.4
220,  xmodel,xmodel,ch_water_fountain,22.8,23.1
221,  xmodel,xmodel,foliage_red_pine_sm,50.4,50.4
222,  xmodel,xmodel,com_trashchuteslide,478.7,478.9
223,  xmodel,xmodel,foliage_shrub_group01,11.1,11.3
224,  xmodel,xmodel,foliage_grass_triangularclump,1.2,1.2
225,  xmodel,xmodel,vehicle_pickup_4door_static,690.7,690.7
226,  xmodel,xmodel,foliage_red_pine_stump_lg,41.2,41.4
227,  xmodel,xmodel,vehicle_uaz_fabric_static,799.4,800.7
228,  xmodel,xmodel,com_barrier_tall1,13.8,14.0
229,  xmodel,xmodel,me_concrete_barrier_dark,22.7,22.9
230,  xmodel,xmodel,vehicle_tractor_plow,110.3,110.6
231,  xmodel,xmodel,bog_b_cinderblock_clutter,8.6,8.9
232,  xmodel,xmodel,ch_haycart,290.6,290.9
233,  xmodel,xmodel,vehicle_80s_sedan1_yeldest,212.0,212.2
234,  xmodel,xmodel,vehicle_80s_hatch2_greendest,56.3,56.3
235,  xmodel,xmodel,vehicle_pickup_technical_destroyed,706.3,707.0
236,  xmodel,xmodel,com_pot_metal_lid,25.7,26.1
237,  xmodel,xmodel,com_teddy_bear,42.6,42.9
238,  xmodel,xmodel,me_fruit_orange,14.1,14.3
239,  xmodel,xmodel,ch_pillow_1,16.5,16.8
240,  xmodel,xmodel,com_wall_clock,11.8,12.0
241,  xmodel,xmodel,com_bottle3,11.2,11.2
242,  xmodel,xmodel,me_picture10,4.6,5.1
243,  xmodel,xmodel,me_picture7,4.4,4.6
244,  xmodel,xmodel,bathroom_soap,6.7,6.9
245,  xmodel,xmodel,com_bottle2,10.4,10.4
246,  xmodel,xmodel,com_laptop_open,35.6,36.0
247,  xmodel,xmodel,me_picture15,4.4,4.4
248,  xmodel,xmodel,com_tin_oval_flat,10.8,11.0
249,  xmodel,xmodel,com_tin_oval_tall,10.1,10.1
250,  xmodel,xmodel,com_tin_rectangular_flat03,15.2,15.2
251,  xmodel,xmodel,com_tin_rectangular_tall,15.4,15.4
252,  xmodel,xmodel,com_pan_metal,40.1,40.1
253,  xmodel,xmodel,com_pan_copper,38.0,38.0
254,  xmodel,xmodel,me_fruit_watermelon_oblong,23.9,24.2
255,  xmodel,xmodel,fx_watermelonchunk_01,9.1,9.2
256,  xmodel,xmodel,fx_watermelonchunk_02,12.4,12.4
257,  xmodel,xmodel,fx_watermelonchunk_03,10.2,10.2
258,  xmodel,xmodel,fx_watermelonchunk_04,10.6,10.6
259,  xmodel,xmodel,fx_watermelonchunk_05,5.8,5.8
260,  xmodel,xmodel,fx_watermelonchunk_06,4.2,4.2
261,  fx,fx,props/watermelon,3.9,4.0
262,  xmodel,xmodel,com_pot_metal,35.4,35.4
263,  xmodel,xmodel,com_barrel_shard4,5.9,5.9
264,  xmodel,xmodel,com_barrel_shard2,5.2,5.2
265,  xmodel,xmodel,com_hookah_pipe,149.7,150.0
266,  xmodel,xmodel,ch_pillow_2,15.8,15.8
267,  xmodel,xmodel,com_widescreen_monitor_on_1,26.3,26.7
268,  xmodel,xmodel,com_office_lamp02,29.6,29.7
269,  xmodel,xmodel,bathroom_toilet_lid,8.3,8.3
270,  xmodel,xmodel,com_milk_carton,6.4,6.7
271,  xmodel,xmodel,com_tv1,24.5,24.8
272,  xmodel,xmodel,vehicle_80s_wagon1_green_destructible_mp,553.0,554.1
273,  xmodel,xmodel,com_barrel_russian_fuel_dirt,13.6,13.9
274,  xmodel,xmodel,vehicle_80s_wagon1_silv_destructible_mp,189.7,189.9
275,  xmodel,xmodel,vehicle_80s_wagon1_red_destructible_mp,189.7,189.9
276,  techset,techset,sm2/wc_l_sm_r0c0n0s0,16.8,16.8
277,  techset,techset,sm2/wc_l_sm_r0c0,11.6,11.6
278,  techset,techset,sm2/wc_l_hsm_r0c0,8.2,8.2
279,  techset,techset,sm2/wc_l_hsm_r0c0n0,9.8,9.8
280,  techset,techset,wc_l_sm_r0c0n0s0,29.3,29.3
281,  techset,techset,wc_l_sm_r0c0,18.2,18.2
282,  techset,techset,wc_l_sm_r0c0s0,18.0,18.0
283,  techset,techset,wc_l_sm_r0c0n0,16.1,16.1
284,  techset,techset,wc_l_hsm_r0c0,9.4,9.4
285,  techset,techset,wc_l_hsm_r0c0s0,9.2,9.2
286,  techset,techset,wc_l_hsm_r0c0n0,10.9,10.9
287,  techset,techset,wc_l_hsm_r0c0n0s0,10.4,10.4
288,  techset,techset,sm2/wc_l_sm_t0c0n0s0,9.5,9.5
289,  techset,techset,sm2/wc_l_sm_t0c0,6.2,6.2
290,  techset,techset,sm2/wc_l_hsm_t0c0,5.7,5.7
291,  techset,techset,sm2/wc_l_hsm_t0c0n0,5.2,5.2
292,  techset,techset,wc_l_sm_t0c0n0s0,19.1,19.1
293,  techset,techset,wc_l_sm_t0c0,11.8,11.8
294,  techset,techset,wc_l_sm_t0c0s0,14.7,14.7
295,  techset,techset,wc_l_sm_t0c0n0,12.2,12.2
296,  techset,techset,wc_l_hsm_t0c0,7.1,7.1
297,  techset,techset,wc_l_hsm_t0c0s0,7.7,7.7
298,  techset,techset,wc_l_hsm_t0c0n0,6.8,6.8
299,  techset,techset,wc_l_hsm_t0c0n0s0,8.6,8.6
300,  techset,techset,sm2/wc_water,2.6,2.6
301,  techset,techset,wc_water,2.5,2.5
302,  techset,techset,sm2/wc_unlit_multiply,1.7,1.7
303,  techset,techset,wc_unlit_multiply,1.8,1.8
304,  techset,techset,sm2/wc_unlit_falloff_add,1.1,1.1
305,  techset,techset,wc_unlit_falloff_add,1.1,1.1
306,  techset,techset,sm2/wc_l_sm_r0c0d0n0s0,12.1,12.1
307,  techset,techset,sm2/wc_l_sm_r0c0d0,11.7,11.7
308,  techset,techset,sm2/wc_l_hsm_r0c0d0,7.9,7.9
309,  techset,techset,sm2/wc_l_hsm_r0c0d0n0,7.8,7.8
310,  techset,techset,wc_l_sm_r0c0d0n0s0,17.7,17.7
311,  techset,techset,wc_l_sm_r0c0d0,14.3,14.3
312,  techset,techset,wc_l_sm_r0c0d0s0,15.2,15.2
313,  techset,techset,wc_l_sm_r0c0d0n0,12.6,12.6
314,  techset,techset,wc_l_hsm_r0c0d0,7.5,7.5
315,  techset,techset,wc_l_hsm_r0c0d0s0,8.0,8.0
316,  techset,techset,wc_l_hsm_r0c0d0n0,7.0,7.0
317,  techset,techset,wc_l_hsm_r0c0d0n0s0,8.8,8.8
318,  techset,techset,sm2/wc_l_sm_b0c0d0n0,10.8,10.8
319,  techset,techset,sm2/wc_l_sm_b0c0d0,8.7,8.7
320,  techset,techset,sm2/wc_l_hsm_b0c0d0,6.2,6.2
321,  techset,techset,sm2/wc_l_hsm_b0c0d0n0,7.5,7.5
322,  techset,techset,wc_l_sm_b0c0d0n0,17.9,17.9
323,  techset,techset,wc_l_sm_b0c0d0,15.3,15.3
324,  techset,techset,wc_l_hsm_b0c0d0,7.9,7.9
325,  techset,techset,wc_l_hsm_b0c0d0n0,9.0,9.0
326,    material,material,wc/armada_water,48.2,48.2
327,  gfx_map,gfx_map,maps/mp/mp_wallace.d3dbsp,4942.4,5032.3
328,    map_ents,map_ents,maps/mp/mp_wallace.d3dbsp,10.0,10.0
329,  col_map_sp,col_map_sp,maps/mp/mp_wallace.d3dbsp,1218.5,1228.5
330,  impactfx,impactfx,,1.5,1.5
331,  sound,sound,artillery_explosion,1.2,1.2
332,  sound,sound,elm_metal_rattle,1.2,1.2
333,  sound,sound,mortar_incoming,1.6,1.6
334,  sound,sound,generic_death_arab_4,1.1,1.1
335,  rawfile,rawfile,maps/mp/_explosive_barrels.gsc,10.9,10.9
336,  xmodel,xmodel,body_mp_usmc_specops,411.4,411.9
337,  xmodel,xmodel,head_mp_usmc_tactical_mich_stripes_nomex,246.9,247.8
338,  xmodel,xmodel,body_mp_usmc_sniper,309.8,309.8
339,  xmodel,xmodel,head_mp_usmc_tactical_baseball_cap,182.5,183.0
340,  xmodel,xmodel,body_mp_usmc_recon,395.9,395.9
341,  xmodel,xmodel,head_mp_usmc_nomex,167.2,167.2
342,  xmodel,xmodel,body_mp_usmc_assault,397.0,397.0
343,  xmodel,xmodel,head_mp_usmc_tactical_mich,286.0,286.6
344,  xmodel,xmodel,body_mp_usmc_support,361.7,361.7
345,  xmodel,xmodel,head_mp_usmc_shaved_head,208.1,208.4
346,  xmodel,xmodel,body_mp_arab_regular_cqb,350.1,350.6
347,  xmodel,xmodel,head_mp_arab_regular_headwrap,150.8,151.1
348,  xmodel,xmodel,viewhands_desert_opfor,162.1,162.8
349,  xmodel,xmodel,body_mp_arab_regular_sniper,309.4,309.7
350,  xmodel,xmodel,head_mp_arab_regular_sadiq,176.1,176.4
351,  xmodel,xmodel,body_mp_arab_regular_engineer,382.9,383.1
352,  xmodel,xmodel,head_mp_arab_regular_ski_mask,108.7,109.0
353,  xmodel,xmodel,body_mp_arab_regular_assault,339.4,339.4
354,  xmodel,xmodel,head_mp_arab_regular_suren,184.9,185.2
355,  xmodel,xmodel,body_mp_arab_regular_support,271.9,271.9
356,  xmodel,xmodel,head_mp_arab_regular_asad,179.5,179.7
357,  xmodel,xmodel,vehicle_80s_sedan1_silv_destructible_mp,520.1,520.4
358,  xmodel,xmodel,vehicle_80s_sedan1_silv_destroyed,335.4,336.0
359,  xmodel,xmodel,vehicle_80s_sedan1_silv_hood,11.5,11.5
360,  xmodel,xmodel,vehicle_80s_sedan1_silv_trunk,12.2,12.2
361,  xmodel,xmodel,vehicle_80s_sedan1_silv_door_lf,15.4,15.4
362,  xmodel,xmodel,vehicle_80s_sedan1_silv_door_lb,15.4,15.4
363,  xmodel,xmodel,vehicle_80s_sedan1_silv_door_rf,16.4,16.4
364,  xmodel,xmodel,vehicle_80s_sedan1_silv_door_rb,15.4,15.4
365,  xmodel,xmodel,vehicle_80s_sedan1_silv_light_lf,1.9,1.9
366,  xmodel,xmodel,vehicle_80s_sedan1_silv_light_lf_dam,1.7,1.7
367,  xmodel,xmodel,vehicle_80s_sedan1_silv_light_rf,1.9,1.9
368,  xmodel,xmodel,vehicle_80s_sedan1_silv_light_rf_dam,1.7,1.7
369,  xmodel,xmodel,vehicle_80s_sedan1_silv_light_lb,2.4,2.4
370,  xmodel,xmodel,vehicle_80s_sedan1_silv_light_lb_dam,2.4,2.4
371,  xmodel,xmodel,vehicle_80s_sedan1_silv_light_rb,2.4,2.4
372,  xmodel,xmodel,vehicle_80s_sedan1_silv_light_rb_dam,2.4,2.4
373,  xmodel,xmodel,vehicle_80s_sedan1_silv_bumper_f,10.6,10.6
374,  xmodel,xmodel,vehicle_80s_sedan1_silv_bumper_b,12.2,12.2
375,  xmodel,xmodel,vehicle_80s_sedan1_silv_mirror_l,6.1,6.1
376,  xmodel,xmodel,vehicle_80s_sedan1_silv_mirror_r,6.1,6.1
377,  xmodel,xmodel,vehicle_80s_sedan1_glass_f,2.9,3.0
378,  xmodel,xmodel,vehicle_80s_sedan1_glass_f_dam,2.9,2.9
379,  xmodel,xmodel,vehicle_80s_sedan1_glass_b,3.1,3.1
380,  xmodel,xmodel,vehicle_80s_sedan1_glass_b_dam,2.9,2.9
381,  xmodel,xmodel,vehicle_80s_sedan1_glass_lf,1.4,1.4
382,  xmodel,xmodel,vehicle_80s_sedan1_glass_lf_dam,1.4,1.4
383,  xmodel,xmodel,vehicle_80s_sedan1_glass_rf,1.4,1.4
384,  xmodel,xmodel,vehicle_80s_sedan1_glass_rf_dam,1.4,1.4
385,  xmodel,xmodel,vehicle_80s_sedan1_glass_lb,1.2,1.2
386,  xmodel,xmodel,vehicle_80s_sedan1_glass_lb_dam,1.2,1.2
387,  xmodel,xmodel,vehicle_80s_sedan1_glass_rb,1.2,1.2
388,  xmodel,xmodel,vehicle_80s_sedan1_glass_rb_dam,1.2,1.2
389,  xmodel,xmodel,vehicle_80s_wagon1_glass_lb2_dam,1.1,1.1
390,  xmodel,xmodel,vehicle_80s_wagon1_glass_rb2_dam,1.1,1.1
391,  xmodel,xmodel,vehicle_80s_wagon1_green_destroyed,414.0,414.0
392,  xmodel,xmodel,vehicle_80s_wagon1_green_hood,12.0,12.0
393,  xmodel,xmodel,vehicle_80s_wagon1_green_door_lf,18.6,18.6
394,  xmodel,xmodel,vehicle_80s_wagon1_green_door_lb,15.2,15.2
395,  xmodel,xmodel,vehicle_80s_wagon1_green_door_rf,18.0,18.0
396,  xmodel,xmodel,vehicle_80s_wagon1_green_door_rb,15.2,15.2
397,  xmodel,xmodel,vehicle_80s_wagon1_green_light_lb,1.0,1.0
398,  xmodel,xmodel,vehicle_80s_wagon1_green_light_lb_dam,1.6,1.6
399,  xmodel,xmodel,vehicle_80s_wagon1_green_light_rb,1.0,1.0
400,  xmodel,xmodel,vehicle_80s_wagon1_green_light_rb_dam,1.6,1.6
401,  xmodel,xmodel,vehicle_80s_wagon1_green_bumper_f,11.2,11.2
402,  xmodel,xmodel,vehicle_80s_wagon1_green_bumper_b,13.2,13.2
403,  xmodel,xmodel,vehicle_80s_wagon1_green_mirror_l,5.7,5.7
404,  xmodel,xmodel,vehicle_80s_wagon1_green_mirror_r,5.8,5.8
405,  xmodel,xmodel,vehicle_80s_wagon1_glass_f,4.6,4.6
406,  xmodel,xmodel,vehicle_80s_wagon1_glass_f_dam,4.7,4.7
407,  xmodel,xmodel,vehicle_80s_wagon1_glass_b,4.6,4.6
408,  xmodel,xmodel,vehicle_80s_wagon1_glass_b_dam,4.4,4.4
409,  xmodel,xmodel,vehicle_80s_wagon1_glass_lf,1.2,1.2
410,  xmodel,xmodel,vehicle_80s_wagon1_glass_lf_dam,1.4,1.4
411,  xmodel,xmodel,vehicle_80s_wagon1_glass_rf,1.2,1.2
412,  xmodel,xmodel,vehicle_80s_wagon1_glass_rf_dam,1.4,1.4
413,  xmodel,xmodel,vehicle_80s_wagon1_glass_lb_dam,1.1,1.1
414,  xmodel,xmodel,vehicle_80s_wagon1_glass_rb_dam,1.1,1.1
415,  xmodel,xmodel,vehicle_80s_wagon1_silv_destroyed,134.3,134.3
416,  xmodel,xmodel,vehicle_80s_wagon1_silv_hood,4.9,4.9
417,  xmodel,xmodel,vehicle_80s_wagon1_silv_door_lf,5.4,5.4
418,  xmodel,xmodel,vehicle_80s_wagon1_silv_door_lb,4.4,4.4
419,  xmodel,xmodel,vehicle_80s_wagon1_silv_door_rf,5.4,5.4
420,  xmodel,xmodel,vehicle_80s_wagon1_silv_door_rb,4.8,4.8
421,  xmodel,xmodel,vehicle_80s_wagon1_silv_bumper_f,4.7,4.7
422,  xmodel,xmodel,vehicle_80s_wagon1_silv_bumper_b,5.7,5.7
423,  xmodel,xmodel,vehicle_80s_wagon1_silv_mirror_l,2.0,2.0
424,  xmodel,xmodel,vehicle_80s_wagon1_silv_mirror_r,2.0,2.0
425,  xmodel,xmodel,vehicle_80s_wagon1_red_destroyed,134.3,134.5
426,  xmodel,xmodel,vehicle_80s_wagon1_red_hood,4.9,4.9
427,  xmodel,xmodel,vehicle_80s_wagon1_red_door_lf,5.4,5.4
428,  xmodel,xmodel,vehicle_80s_wagon1_red_door_lb,4.4,4.4
429,  xmodel,xmodel,vehicle_80s_wagon1_red_door_rf,5.4,5.4
430,  xmodel,xmodel,vehicle_80s_wagon1_red_door_rb,4.8,4.8
431,  xmodel,xmodel,vehicle_80s_wagon1_red_bumper_f,4.7,4.7
432,  xmodel,xmodel,vehicle_80s_wagon1_red_bumper_b,5.4,5.4
433,  xmodel,xmodel,vehicle_80s_wagon1_red_mirror_l,2.0,2.0
434,  xmodel,xmodel,vehicle_80s_wagon1_red_mirror_r,2.0,2.0
435,  xmodel,xmodel,vehicle_80s_hatch1_silv_destructible_mp,500.7,500.9
436,  xmodel,xmodel,vehicle_80s_hatch1_silv_destroyed,375.5,375.5
437,  xmodel,xmodel,vehicle_80s_hatch1_silv_hood,21.2,21.2
438,  xmodel,xmodel,vehicle_80s_hatch1_silv_door_lf,16.5,16.5
439,  xmodel,xmodel,vehicle_80s_hatch1_silv_door_rf,16.5,16.5
440,  xmodel,xmodel,vehicle_80s_hatch1_glass_f,2.8,2.8
441,  xmodel,xmodel,vehicle_80s_hatch1_glass_f_dam,2.9,2.9
442,  xmodel,xmodel,vehicle_80s_hatch1_glass_b,2.8,2.8
443,  xmodel,xmodel,vehicle_80s_hatch1_glass_b_dam,2.8,2.8
444,  xmodel,xmodel,vehicle_80s_hatch1_glass_lf,1.2,1.2
445,  xmodel,xmodel,vehicle_80s_hatch1_glass_lf_dam,1.4,1.4
446,  xmodel,xmodel,vehicle_80s_hatch1_glass_rf,1.2,1.2
447,  xmodel,xmodel,vehicle_80s_hatch1_glass_rf_dam,1.4,1.4
448,  xmodel,xmodel,vehicle_80s_hatch1_glass_lb,1.2,1.2
449,  xmodel,xmodel,vehicle_80s_hatch1_glass_lb_dam,1.4,1.4
450,  xmodel,xmodel,vehicle_80s_hatch1_glass_rb,1.2,1.2
451,  xmodel,xmodel,vehicle_80s_hatch1_glass_rb_dam,1.4,1.4
452,  fx,fx,fire/firelp_barrel_pm,4.9,5.0
453,  fx,fx,misc/insects_light_flies,18.8,18.9
454,  techset,techset,sm2/effect_zfeather_add_eyeoffset,1.9,1.9
455,  techset,techset,effect_zfeather_add_eyeoffset,1.8,1.8
456,  fx,fx,misc/lighthaze,3.0,3.2
457,  fx,fx,misc/lighthaze_bog_a,2.4,2.6
458,  fx,fx,fire/tire_fire_med,9.5,9.5
459,  fx,fx,misc/power_tower_light_red_blink,5.8,6.1
460,  fx,fx,smoke/car_damage_whitesmoke,1.5,1.6
461,  fx,fx,smoke/car_damage_blacksmoke,1.8,1.8
462,  fx,fx,smoke/car_damage_blacksmoke_fire,9.8,9.8
463,  xmodel,xmodel,fx_glass_piece_large_01,2.5,2.5
464,  xmodel,xmodel,fx_glass_piece_large_02,2.9,2.9
465,  xmodel,xmodel,fx_glass_piece_large_03,4.9,4.9
466,  fx,fx,props/car_glass_med,3.8,3.9
467,  fx,fx,props/car_glass_headlight,3.2,3.2
468,  xmodel,xmodel,fx_glass_piece_brakelight_01,1.1,1.1
469,  xmodel,xmodel,fx_glass_piece_brakelight_02,2.7,2.7
470,  fx,fx,props/car_glass_brakelight,3.3,3.3
471,  xmodel,xmodel,com_barrel_piece,80.4,80.5
472,  xmodel,xmodel,com_barrel_piece2,67.8,67.8
473,  fx,fx,props/barrel_ignite,4.1,4.2
474,  fx,fx,props/barrel_fire_top,1.1,1.2
475,assetlist,assetlist,,7.0,38666.5
476,xmodel,xmodel,(misc),15.0,15.0
477,material,material,(misc),76.7,76.7
478,techset,techset,(misc),5.5,5.5
479,image,image,(misc),30.4,30.4
480,sound,sound,(misc),35.5,35.5
481,loaded_sound,loaded_sound,(misc),2.5,2.5
482,fx,fx,(misc),5.5,5.5
483,rawfile,rawfile,(misc),1.6,1.6
